Trial,AC loss,TAC loss
1,0.1929099458232249,0.19304970623663786
5,0.23210926727461145,0.22824965746884524
2,0.20852613844277657,0.20809870204354963
6,0.2181714030085029,0.21826217333457554
4,0.5093688261523497,0.43535824912226095
10,0.6046515757202083,0.39273224389305633
7,0.6001575656499036,0.4810984556855445
9,0.28786513904639505,0.2216677731219156
3,0.3000738921892512,0.2317993030861766
8,0.20751035605285484,0.20745735834733617
